{
  "hash": "302bd4f3",
  "configHash": "cc1ee9d5",
  "lockfileHash": "af9c7939",
  "browserHash": "c312592b",
  "optimized": {
    "@angular/common": {
      "src": "../../../../../node_modules/@angular/common/fesm2022/common.mjs",
      "file": "@angular_common.js",
      "fileHash": "ca783af6",
      "needsInterop": false
    },
    "@angular/common/http": {
      "src": "../../../../../node_modules/@angular/common/fesm2022/http.mjs",
      "file": "@angular_common_http.js",
      "fileHash": "2a15b24c",
      "needsInterop": false
    },
    "@angular/core": {
      "src": "../../../../../node_modules/@angular/core/fesm2022/core.mjs",
      "file": "@angular_core.js",
      "fileHash": "6df58f1a",
      "needsInterop": false
    },
    "@angular/platform-browser": {
      "src": "../../../../../node_modules/@angular/platform-browser/fesm2022/platform-browser.mjs",
      "file": "@angular_platform-browser.js",
      "fileHash": "fd904ea2",
      "needsInterop": false
    },
    "@angular/router": {
      "src": "../../../../../node_modules/@angular/router/fesm2022/router.mjs",
      "file": "@angular_router.js",
      "fileHash": "f7721e24",
      "needsInterop": false
    }
  },
  "chunks": {
    "chunk-MWTFILZX": {
      "file": "chunk-MWTFILZX.js"
    },
    "chunk-TUWWRYIO": {
      "file": "chunk-TUWWRYIO.js"
    },
    "chunk-42HI5PUK": {
      "file": "chunk-42HI5PUK.js"
    },
    "chunk-LF2LKXYJ": {
      "file": "chunk-LF2LKXYJ.js"
    }
  }
}